{"cameraMode":{"drawMode":0,"name":"Shaded","section":"Shading Mode"},"sceneLighting":true,"audioPlay":false,"sceneViewState":{"m_AlwaysRefresh":false,"showFog":true,"showSkybox":true,"showFlares":true,"showImageEffects":true,"showParticleSystems":true,"showVisualEffectGraphs":true,"m_FxEnabled":true},"in2DMode":false,"pivot":{"x":2.9478025436401369,"y":17.392488479614259,"z":-23.794023513793947},"rotation":{"x":-0.3781609833240509,"y":0.0416429378092289,"z":-0.017044806852936746,"w":-0.9246639609336853},"size":1.637908935546875,"orthographic":false}