{"cameraMode":{"drawMode":0,"name":"Shaded","section":"Shading Mode"},"sceneLighting":true,"audioPlay":false,"sceneViewState":{"m_AlwaysRefresh":false,"showFog":true,"showSkybox":true,"showFlares":true,"showImageEffects":true,"showParticleSystems":true,"showVisualEffectGraphs":true,"m_FxEnabled":true},"in2DMode":false,"pivot":{"x":5.634916305541992,"y":15.232864379882813,"z":-0.17763352394104005},"rotation":{"x":0.351718932390213,"y":-0.6437896490097046,"z":0.43088507652282717,"w":0.5255411863327026},"size":18.165151596069337,"orthographic":false}