{"cameraMode":{"drawMode":0,"name":"Shaded","section":"Shading Mode"},"sceneLighting":true,"audioPlay":false,"sceneViewState":{"m_AlwaysRefresh":false,"showFog":true,"showSkybox":true,"showFlares":true,"showImageEffects":true,"showParticleSystems":true,"showVisualEffectGraphs":true,"m_FxEnabled":true},"in2DMode":false,"pivot":{"x":0.207008957862854,"y":9.031425476074219,"z":-6.202223777770996},"rotation":{"x":0.14795061945915223,"y":0.007417365908622742,"z":-0.0011096412781625987,"w":0.988966166973114},"size":19.803367614746095,"orthographic":false}